{"IcoMoonType":"selection","icons":[{"icon":{"paths":["M762.085 497.245l-469.337-490.671c-8.166-8.458-21.666-8.834-30.166-0.666-8.5 8.146-8.792 21.646-0.666 30.166l455.21 475.921-455.212 475.923c-8.126 8.52-7.834 22.020 0.666 30.166 4.126 3.958 9.458 5.916 14.75 5.916 5.626 0 11.208-2.208 15.416-6.584l469.339-490.671c7.876-8.25 7.876-21.25 0-29.5z"],"attrs":[{}],"isMulticolor":false,"isMulticolor2":false,"grid":0,"tags":["breadcrumb-arrow"]},"attrs":[{}],"properties":{"order":3,"id":0,"name":"breadcrumb-arrow","prevSize":32,"code":59648},"setIdx":0,"setId":1,"iconIdx":0}],"height":1024,"metadata":{"name":"icomoon"},"preferences":{"showGlyphs":true,"showCodes":true,"showQuickUse":true,"showQuickUse2":true,"showSVGs":true,"fontPref":{"prefix":"icon-","metadata":{"fontFamily":"icomoon"},"metrics":{"emSize":1024,"baseline":6.25,"whitespace":50},"embed":false},"imagePref":{"prefix":"icon-","png":true,"useClassSelector":true,"color":0,"bgColor":16777215},"historySize":50}}